-- MySQL dump 10.13  Distrib 8.0.38, for Win64 (x86_64)
--
-- Host: localhost    Database: cybergame
-- ------------------------------------------------------
-- Server version	8.0.39

/*!40101 SET @OLD_CHARACTER_SET_CLIENT=@@CHARACTER_SET_CLIENT */;
/*!40101 SET @OLD_CHARACTER_SET_RESULTS=@@CHARACTER_SET_RESULTS */;
/*!40101 SET @OLD_COLLATION_CONNECTION=@@COLLATION_CONNECTION */;
/*!50503 SET NAMES utf8 */;
/*!40103 SET @OLD_TIME_ZONE=@@TIME_ZONE */;
/*!40103 SET TIME_ZONE='+00:00' */;
/*!40014 SET @OLD_UNIQUE_CHECKS=@@UNIQUE_CHECKS, UNIQUE_CHECKS=0 */;
/*!40014 SET @OLD_FOREIGN_KEY_CHECKS=@@FOREIGN_KEY_CHECKS, FOREIGN_KEY_CHECKS=0 */;
/*!40101 SET @OLD_SQL_MODE=@@SQL_MODE, SQL_MODE='NO_AUTO_VALUE_ON_ZERO' */;
/*!40111 SET @OLD_SQL_NOTES=@@SQL_NOTES, SQL_NOTES=0 */;

--
-- Table structure for table `cart`
--

DROP TABLE IF EXISTS `cart`;
/*!40101 SET @saved_cs_client     = @@character_set_client */;
/*!50503 SET character_set_client = utf8mb4 */;
CREATE TABLE `cart` (
  `id` int NOT NULL AUTO_INCREMENT,
  `user_id` int DEFAULT NULL,
  `product_id` int DEFAULT NULL,
  `quantity` int DEFAULT NULL,
  `type` tinyint DEFAULT '0',
  `room_id` int DEFAULT NULL,
  `created_at` datetime DEFAULT CURRENT_TIMESTAMP,
  PRIMARY KEY (`id`),
  KEY `user_id` (`user_id`),
  KEY `product_id` (`product_id`),
  KEY `room_id` (`room_id`),
  CONSTRAINT `cart_ibfk_1` FOREIGN KEY (`user_id`) REFERENCES `user` (`id`),
  CONSTRAINT `cart_ibfk_2` FOREIGN KEY (`product_id`) REFERENCES `product` (`id`),
  CONSTRAINT `cart_ibfk_3` FOREIGN KEY (`room_id`) REFERENCES `room` (`id`)
) ENGINE=InnoDB AUTO_INCREMENT=72 DEFAULT CHARSET=utf8mb4 COLLATE=utf8mb4_0900_ai_ci;
/*!40101 SET character_set_client = @saved_cs_client */;

--
-- Dumping data for table `cart`
--

LOCK TABLES `cart` WRITE;
/*!40000 ALTER TABLE `cart` DISABLE KEYS */;
/*!40000 ALTER TABLE `cart` ENABLE KEYS */;
UNLOCK TABLES;

--
-- Table structure for table `category`
--

DROP TABLE IF EXISTS `category`;
/*!40101 SET @saved_cs_client     = @@character_set_client */;
/*!50503 SET character_set_client = utf8mb4 */;
CREATE TABLE `category` (
  `id` int NOT NULL AUTO_INCREMENT,
  `category_name` varchar(100) DEFAULT NULL,
  `description` varchar(255) DEFAULT NULL,
  `created_at` datetime DEFAULT CURRENT_TIMESTAMP,
  PRIMARY KEY (`id`)
) ENGINE=InnoDB AUTO_INCREMENT=9 DEFAULT CHARSET=utf8mb4 COLLATE=utf8mb4_0900_ai_ci;
/*!40101 SET character_set_client = @saved_cs_client */;

--
-- Dumping data for table `category`
--

LOCK TABLES `category` WRITE;
/*!40000 ALTER TABLE `category` DISABLE KEYS */;
INSERT INTO `category` VALUES (1,'Đồ ăn nhanh','Các món ăn nhanh như mì, xúc xích, bánh mì,...','2024-12-25 19:12:38'),(2,'Nước giải khát','Các loại nước ngọt, nước khoáng, trà,...','2024-12-25 19:12:38'),(3,'Snack','Các loại bánh kẹo, snack ăn vặt','2024-12-25 19:12:38'),(4,'Đồ ăn đóng gói','Các loại đồ ăn đóng gói sẵn','2024-12-25 19:12:38'),(5,'Mì gói','Các loại mì ăn liền','2024-12-25 19:12:38'),(6,'Đồ uống năng lượng','Các loại nước tăng lực, coffee,...','2024-12-25 19:12:38'),(7,'Kem','Các loại kem các vị','2024-12-25 19:12:38'),(8,'Đồ ăn chế biến','Các món ăn được chế biến tại quán','2024-12-25 19:12:38');
/*!40000 ALTER TABLE `category` ENABLE KEYS */;
UNLOCK TABLES;

--
-- Table structure for table `conversations`
--

DROP TABLE IF EXISTS `conversations`;
/*!40101 SET @saved_cs_client     = @@character_set_client */;
/*!50503 SET character_set_client = utf8mb4 */;
CREATE TABLE `conversations` (
  `id` int NOT NULL AUTO_INCREMENT,
  `user_id` int NOT NULL,
  `admin_id` int DEFAULT NULL,
  `status` enum('ACTIVE','CLOSED') DEFAULT 'ACTIVE',
  `created_at` datetime DEFAULT CURRENT_TIMESTAMP,
  `updated_at` datetime DEFAULT CURRENT_TIMESTAMP ON UPDATE CURRENT_TIMESTAMP,
  PRIMARY KEY (`id`),
  KEY `user_id` (`user_id`),
  KEY `admin_id` (`admin_id`),
  CONSTRAINT `conversations_ibfk_1` FOREIGN KEY (`user_id`) REFERENCES `user` (`id`),
  CONSTRAINT `conversations_ibfk_2` FOREIGN KEY (`admin_id`) REFERENCES `user` (`id`)
) ENGINE=InnoDB AUTO_INCREMENT=8 DEFAULT CHARSET=utf8mb4 COLLATE=utf8mb4_0900_ai_ci;
/*!40101 SET character_set_client = @saved_cs_client */;

--
-- Dumping data for table `conversations`
--

LOCK TABLES `conversations` WRITE;
/*!40000 ALTER TABLE `conversations` DISABLE KEYS */;
INSERT INTO `conversations` VALUES (1,2,NULL,'ACTIVE','2024-12-25 20:16:38','2024-12-25 20:16:38'),(2,1,NULL,'ACTIVE','2024-12-25 20:23:21','2024-12-26 00:20:23'),(3,1,4,'ACTIVE','2024-12-25 20:26:30','2024-12-25 20:26:30'),(4,7,4,'ACTIVE','2024-12-26 01:08:29','2024-12-26 01:08:29'),(5,4,4,'ACTIVE','2024-12-26 03:25:42','2024-12-26 03:25:42'),(6,9,4,'ACTIVE','2024-12-27 22:42:39','2024-12-27 22:42:39'),(7,10,4,'ACTIVE','2024-12-28 08:56:59','2024-12-28 08:56:59');
/*!40000 ALTER TABLE `conversations` ENABLE KEYS */;
UNLOCK TABLES;

--
-- Table structure for table `desktop`
--

DROP TABLE IF EXISTS `desktop`;
/*!40101 SET @saved_cs_client     = @@character_set_client */;
/*!50503 SET character_set_client = utf8mb4 */;
CREATE TABLE `desktop` (
  `id` int NOT NULL AUTO_INCREMENT,
  `room_id` int DEFAULT NULL,
  `desktop_name` varchar(50) NOT NULL,
  `price` int DEFAULT NULL,
  `status` varchar(50) NOT NULL,
  `description` text,
  PRIMARY KEY (`id`),
  KEY `room_id` (`room_id`),
  CONSTRAINT `desktop_ibfk_1` FOREIGN KEY (`room_id`) REFERENCES `room` (`id`)
) ENGINE=InnoDB AUTO_INCREMENT=21 DEFAULT CHARSET=utf8mb4 COLLATE=utf8mb4_0900_ai_ci;
/*!40101 SET character_set_client = @saved_cs_client */;

--
-- Dumping data for table `desktop`
--

LOCK TABLES `desktop` WRITE;
/*!40000 ALTER TABLE `desktop` DISABLE KEYS */;
INSERT INTO `desktop` VALUES (1,1,'PC-T1-01',10000,'INACTIVE','CPU i5-10400F, RAM 16GB, GTX 1660 Super'),(2,1,'PC-T1-02',10000,'INACTIVE','CPU i5-10400F, RAM 16GB, GTX 1660 Super'),(3,1,'PC-T1-03',10000,'INACTIVE','CPU i5-10400F, RAM 16GB, GTX 1660 Super'),(4,1,'PC-T1-04',10000,'INACTIVE','CPU i5-10400F, RAM 16GB, GTX 1660 Super'),(5,1,'PC-T1-05',10000,'INACTIVE','CPU i5-10400F, RAM 16GB, GTX 1660 Super'),(6,4,'PC-V1-01',20000,'INACTIVE','CPU i7-12700K, RAM 32GB, RTX 3070, Màn hình 240Hz'),(7,4,'PC-V1-02',20000,'INACTIVE','CPU i7-12700K, RAM 32GB, RTX 3070, Màn hình 240Hz'),(8,4,'PC-V1-03',20000,'INACTIVE','CPU i7-12700K, RAM 32GB, RTX 3070, Màn hình 240Hz'),(9,4,'PC-V1-04',20000,'INACTIVE','CPU i7-12700K, RAM 32GB, RTX 3070, Màn hình 240Hz'),(10,4,'PC-V1-05',20000,'INACTIVE','CPU i7-12700K, RAM 32GB, RTX 3070, Màn hình 240Hz'),(11,6,'PC-S1-01',30000,'INACTIVE','CPU i9-12900K, RAM 64GB, RTX 3080, Mic Shure SM7B, Webcam 4K'),(12,6,'PC-S1-02',30000,'INACTIVE','CPU i9-12900K, RAM 64GB, RTX 3080, Mic Shure SM7B, Webcam 4K'),(13,6,'PC-S1-03',30000,'INACTIVE','CPU i9-12900K, RAM 64GB, RTX 3080, Mic Shure SM7B, Webcam 4K'),(14,8,'PC-C1-01',40000,'INACTIVE','CPU i7-12700K, RAM 32GB, RTX 3070Ti, Màn hình cong 32\"'),(15,8,'PC-C1-02',40000,'INACTIVE','CPU i7-12700K, RAM 32GB, RTX 3070Ti, Màn hình cong 32\"'),(16,10,'PC-T-01',50000,'INACTIVE','CPU i9-12900K, RAM 64GB, RTX 3080Ti, Màn hình 360Hz'),(17,10,'PC-T-02',50000,'INACTIVE','CPU i9-12900K, RAM 64GB, RTX 3080Ti, Màn hình 360Hz'),(18,10,'PC-T-03',50000,'INACTIVE','CPU i9-12900K, RAM 64GB, RTX 3080Ti, Màn hình 360Hz'),(19,10,'PC-T-04',50000,'INACTIVE','CPU i9-12900K, RAM 64GB, RTX 3080Ti, Màn hình 360Hz'),(20,10,'PC-T-05',50000,'INACTIVE','CPU i9-12900K, RAM 64GB, RTX 3080Ti, Màn hình 360Hz');
/*!40000 ALTER TABLE `desktop` ENABLE KEYS */;
UNLOCK TABLES;

--
-- Table structure for table `extend_room_requests`
--

DROP TABLE IF EXISTS `extend_room_requests`;
/*!40101 SET @saved_cs_client     = @@character_set_client */;
/*!50503 SET character_set_client = utf8mb4 */;
CREATE TABLE `extend_room_requests` (
  `id` int NOT NULL AUTO_INCREMENT,
  `order_id` int NOT NULL,
  `room_order_id` int NOT NULL,
  `additional_hours` int NOT NULL,
  `additional_price` decimal(10,2) NOT NULL,
  `request_status` enum('PENDING','APPROVED','REJECTED') DEFAULT 'PENDING',
  `created_at` timestamp NULL DEFAULT CURRENT_TIMESTAMP,
  `updated_at` timestamp NULL DEFAULT CURRENT_TIMESTAMP ON UPDATE CURRENT_TIMESTAMP,
  `payment_status` enum('UNPAID','PAID') DEFAULT 'UNPAID',
  PRIMARY KEY (`id`),
  KEY `order_id` (`order_id`),
  KEY `room_order_id` (`room_order_id`),
  CONSTRAINT `extend_room_requests_ibfk_1` FOREIGN KEY (`order_id`) REFERENCES `orders` (`id`),
  CONSTRAINT `extend_room_requests_ibfk_2` FOREIGN KEY (`room_order_id`) REFERENCES `room_order_detail` (`id`)
) ENGINE=InnoDB AUTO_INCREMENT=67 DEFAULT CHARSET=utf8mb4 COLLATE=utf8mb4_0900_ai_ci;
/*!40101 SET character_set_client = @saved_cs_client */;

--
-- Dumping data for table `extend_room_requests`
--

LOCK TABLES `extend_room_requests` WRITE;
/*!40000 ALTER TABLE `extend_room_requests` DISABLE KEYS */;
/*!40000 ALTER TABLE `extend_room_requests` ENABLE KEYS */;
UNLOCK TABLES;

--
-- Table structure for table `messages`
--

DROP TABLE IF EXISTS `messages`;
/*!40101 SET @saved_cs_client     = @@character_set_client */;
/*!50503 SET character_set_client = utf8mb4 */;
CREATE TABLE `messages` (
  `id` int NOT NULL AUTO_INCREMENT,
  `conversation_id` int NOT NULL,
  `sender_id` int NOT NULL,
  `message` text NOT NULL,
  `is_read` tinyint(1) DEFAULT '0',
  `created_at` datetime DEFAULT CURRENT_TIMESTAMP,
  PRIMARY KEY (`id`),
  KEY `conversation_id` (`conversation_id`),
  KEY `sender_id` (`sender_id`),
  CONSTRAINT `messages_ibfk_1` FOREIGN KEY (`conversation_id`) REFERENCES `conversations` (`id`),
  CONSTRAINT `messages_ibfk_2` FOREIGN KEY (`sender_id`) REFERENCES `user` (`id`)
) ENGINE=InnoDB AUTO_INCREMENT=675 DEFAULT CHARSET=utf8mb4 COLLATE=utf8mb4_0900_ai_ci;
/*!40101 SET character_set_client = @saved_cs_client */;

--
-- Dumping data for table `messages`
--

LOCK TABLES `messages` WRITE;
/*!40000 ALTER TABLE `messages` DISABLE KEYS */;
INSERT INTO `messages` VALUES (1,1,2,'Xin chào admin, tôi cần hỗ trợ',1,'2024-12-25 20:17:19'),(2,1,1,'Chào bạn, tôi có thể giúp gì cho bạn?',1,'2024-12-25 20:17:57'),(3,1,1,'Xin chào admin, tôi cần hỗ trợ về dịch vụ',1,'2024-12-25 20:24:04'),(4,1,4,'Chào bạn, tôi có thể giúp gì cho bạn?',1,'2024-12-25 20:24:33'),(5,1,1,'Xin chào admin',1,'2024-12-25 20:26:33'),(6,1,4,'Chào bạn, tôi có thể giúp gì không?',1,'2024-12-25 20:26:33'),(7,2,1,'Xin chào admin, tôi cần hỗ trợ',1,'2024-12-25 20:29:39'),(8,2,1,'nói đi',1,'2024-12-25 21:02:53'),(9,2,1,'gì v',1,'2024-12-25 21:03:02'),(10,2,1,'alo bạn ',1,'2024-12-25 21:03:09'),(11,2,1,'ủa',1,'2024-12-25 21:10:22'),(12,2,1,'jz',1,'2024-12-25 21:10:23'),(13,1,4,'nói đi',1,'2024-12-26 00:03:46'),(14,2,4,'j',1,'2024-12-26 00:07:13'),(15,2,4,'em cần gì',1,'2024-12-26 00:13:37'),(16,2,4,'alo e',1,'2024-12-26 00:20:23'),(17,4,7,'hi',1,'2024-12-26 01:08:47'),(18,4,7,'hi',1,'2024-12-26 01:08:48'),(19,4,7,'hi',1,'2024-12-26 01:08:49'),(20,4,7,'xin chào',1,'2024-12-26 01:10:06'),(21,4,7,'jz',1,'2024-12-26 01:12:39'),(22,4,7,'jz',1,'2024-12-26 01:12:39'),(23,4,7,'hã',1,'2024-12-26 01:14:28'),(24,4,7,'hã',1,'2024-12-26 01:14:28'),(25,4,7,'ok chưa ?',1,'2024-12-26 01:14:32'),(26,4,7,'ok chưa ?',1,'2024-12-26 01:14:32'),(27,4,7,'bạn',1,'2024-12-26 01:17:24'),(28,4,7,'bạn',1,'2024-12-26 01:17:24'),(29,4,7,'nói đi',1,'2024-12-26 01:17:38'),(30,4,7,'nói đi',1,'2024-12-26 01:17:38'),(31,4,7,'dụ gì',1,'2024-12-26 01:17:40'),(32,4,7,'dụ gì',1,'2024-12-26 01:17:40'),(33,4,7,'chia tay',1,'2024-12-26 01:17:43'),(34,4,7,'chia tay',1,'2024-12-26 01:17:43'),(35,4,7,'ok ?',1,'2024-12-26 01:17:45'),(36,4,7,'ok ?',1,'2024-12-26 01:17:45'),(37,4,7,'sao',1,'2024-12-26 01:17:52'),(38,4,7,'sao',1,'2024-12-26 01:17:52'),(39,4,7,'k thi cook',1,'2024-12-26 01:17:54'),(40,4,7,'k thi cook',1,'2024-12-26 01:17:54'),(41,4,7,'?',1,'2024-12-26 01:21:28'),(42,4,7,'?',1,'2024-12-26 01:21:28'),(43,4,7,'a',1,'2024-12-26 01:21:33'),(44,4,7,'a',1,'2024-12-26 01:21:33'),(45,4,7,'s',1,'2024-12-26 01:21:36'),(46,4,7,'s',1,'2024-12-26 01:21:36'),(47,4,7,'sao day em',1,'2024-12-26 01:23:54'),(48,4,7,'sao day em',1,'2024-12-26 01:23:54'),(49,4,7,'sao v',1,'2024-12-26 01:42:29'),(50,4,7,'sao v',1,'2024-12-26 01:42:29'),(51,4,7,'ok',1,'2024-12-26 01:42:36'),(52,4,7,'ok',1,'2024-12-26 01:42:36'),(53,4,7,'nói đi',1,'2024-12-26 01:57:48'),(54,4,7,'nói đi',1,'2024-12-26 01:57:48'),(55,4,7,'em can gi',1,'2024-12-26 02:09:46'),(56,4,7,'em can gi',1,'2024-12-26 02:09:46'),(57,4,7,'noi di',1,'2024-12-26 02:17:53'),(58,4,7,'noi di',1,'2024-12-26 02:17:53'),(59,4,7,'ban lam a',1,'2024-12-26 02:18:00'),(60,4,7,'ban lam a',1,'2024-12-26 02:18:00'),(61,4,7,'vay thi ct',1,'2024-12-26 02:18:10'),(62,4,7,'vay thi ct',1,'2024-12-26 02:18:10'),(63,2,4,'xin chào',1,'2024-12-26 02:21:38'),(64,4,4,'dc thoi , ct',0,'2024-12-26 02:21:45'),(65,4,7,'ok ?',1,'2024-12-26 02:21:53'),(66,4,7,'ok ?',1,'2024-12-26 02:21:53'),(67,4,4,'muon gi',0,'2024-12-26 02:28:09'),(68,4,7,'ok',1,'2024-12-26 02:28:25'),(69,4,7,'ok',1,'2024-12-26 02:28:25'),(70,1,4,'can gi do',1,'2024-12-26 02:32:03'),(71,4,4,'noi di',0,'2024-12-26 02:32:09'),(72,4,7,'di ngu',1,'2024-12-26 02:32:21'),(73,4,7,'di ngu',1,'2024-12-26 02:32:21'),(74,4,4,'ok',0,'2024-12-26 02:32:27'),(75,4,4,'em can gi',0,'2024-12-26 02:33:41'),(76,4,4,'em can gi',0,'2024-12-26 02:33:41'),(77,1,4,'di ngu',1,'2024-12-26 02:33:47'),(78,1,4,'di ngu',1,'2024-12-26 02:33:47'),(79,1,4,'k',1,'2024-12-26 02:33:53'),(80,1,4,'k',1,'2024-12-26 02:33:53'),(81,2,4,'u',1,'2024-12-26 02:34:00'),(82,2,4,'u',1,'2024-12-26 02:34:00'),(83,4,4,'ok',0,'2024-12-26 02:34:16'),(84,4,4,'ok',0,'2024-12-26 02:34:16'),(85,4,7,'ye',1,'2024-12-26 02:34:30'),(86,4,7,'ye',1,'2024-12-26 02:34:30'),(87,4,7,'a',1,'2024-12-26 02:37:05'),(88,4,7,'a',1,'2024-12-26 02:37:05'),(89,4,4,'ok',0,'2024-12-26 02:38:19'),(90,4,4,'ok',0,'2024-12-26 02:38:19'),(91,4,4,'a',0,'2024-12-26 02:38:32'),(92,4,4,'a',0,'2024-12-26 02:38:32'),(93,4,7,'di ngu ne',1,'2024-12-26 02:38:55'),(94,4,7,'di ngu ne',1,'2024-12-26 02:38:55'),(95,4,4,'u',0,'2024-12-26 02:39:58'),(96,4,4,'u',0,'2024-12-26 02:39:58'),(97,4,4,'a',0,'2024-12-26 02:40:12'),(98,4,4,'a',0,'2024-12-26 02:40:12'),(99,4,4,'a',0,'2024-12-26 02:42:11'),(100,4,4,'a',0,'2024-12-26 02:42:11'),(101,4,4,'t',0,'2024-12-26 02:42:14'),(102,4,4,'t',0,'2024-12-26 02:42:14'),(103,3,4,'e',0,'2024-12-26 02:43:03'),(104,3,4,'e',0,'2024-12-26 02:43:03'),(105,4,4,'ok',0,'2024-12-26 02:45:57'),(106,4,4,'ok',0,'2024-12-26 02:45:57'),(107,2,4,'k',1,'2024-12-26 02:48:25'),(108,2,4,'ok chưa',1,'2024-12-26 02:49:06'),(109,2,4,'hehe',1,'2024-12-26 02:49:16'),(110,2,4,'đã ngủ chưa',1,'2024-12-26 02:52:57'),(111,4,7,'rat met',1,'2024-12-26 02:53:15'),(112,4,7,'rat met',1,'2024-12-26 02:53:16'),(113,4,7,'cai gi',1,'2024-12-26 02:53:36'),(114,4,7,'ok',1,'2024-12-26 02:54:05'),(115,4,4,'ngu do',0,'2024-12-26 02:54:10'),(116,4,7,'k dau',1,'2024-12-26 02:54:14'),(117,4,7,'k dau',1,'2024-12-26 02:55:35'),(118,4,7,'k dau',1,'2024-12-26 02:56:31'),(119,4,7,'di ngu nha',1,'2024-12-26 02:58:29'),(120,4,4,'ok',0,'2024-12-26 02:58:43'),(121,4,7,'di ngu nha',1,'2024-12-26 02:58:46'),(122,4,7,'di di',1,'2024-12-26 02:58:51'),(123,4,7,'chu toi met qua',1,'2024-12-26 02:58:56'),(124,4,4,'muon k',0,'2024-12-26 02:59:03'),(125,4,7,'chu toi met qua',1,'2024-12-26 03:00:34'),(126,4,4,'ok',0,'2024-12-26 03:00:38'),(127,4,4,'nhé',0,'2024-12-26 03:00:42'),(128,4,7,'di ngu',1,'2024-12-26 03:00:46'),(129,4,7,'ok',1,'2024-12-26 03:01:07'),(130,4,7,'ok',1,'2024-12-26 03:01:59'),(131,4,7,'di ngu thoi',1,'2024-12-26 03:02:02'),(132,4,7,'dc k',1,'2024-12-26 03:02:10'),(133,4,4,'nhé',0,'2024-12-26 03:02:20'),(134,4,7,'ok',1,'2024-12-26 03:02:22'),(135,4,7,'ik',1,'2024-12-26 03:02:48'),(136,4,7,'co dc k',1,'2024-12-26 03:02:52'),(137,4,7,'co dc k',1,'2024-12-26 03:02:58'),(138,4,7,'ye',1,'2024-12-26 03:03:05'),(139,4,7,'u',1,'2024-12-26 03:03:09'),(140,4,7,'uok',1,'2024-12-26 03:04:12'),(141,4,4,'ýe',0,'2024-12-26 03:04:14'),(142,4,4,'di ngu do',0,'2024-12-26 03:04:19'),(143,4,4,'KE M',0,'2024-12-26 03:04:49'),(144,4,4,'K LIEN QUAN ANHH',0,'2024-12-26 03:04:53'),(145,4,7,'OK',1,'2024-12-26 03:04:55'),(146,4,7,'RAT MET',1,'2024-12-26 03:04:59'),(147,4,7,'RAT MET A',1,'2024-12-26 03:05:02'),(148,4,7,'DI NGU DC CHUA',1,'2024-12-26 03:05:08'),(149,4,7,'DC K',1,'2024-12-26 03:06:59'),(150,4,7,'di ngu',1,'2024-12-26 03:07:06'),(151,4,7,'ok ?',1,'2024-12-26 03:07:13'),(152,4,7,'ok',1,'2024-12-26 03:07:17'),(153,4,7,'met',1,'2024-12-26 03:07:23'),(154,4,7,'lam r',1,'2024-12-26 03:07:25'),(155,4,7,'r do nhe',1,'2024-12-26 03:07:29'),(156,4,4,'di ngu',0,'2024-12-26 03:07:33'),(157,4,4,'chưa v',0,'2024-12-26 03:07:36'),(158,4,7,'ngu r ạ',1,'2024-12-26 03:07:40'),(159,4,4,'dc k',0,'2024-12-26 03:08:56'),(160,4,4,'ngu di',0,'2024-12-26 03:09:01'),(161,4,4,'di ngu',0,'2024-12-26 03:10:26'),(162,4,4,'met',0,'2024-12-26 03:10:34'),(163,4,4,'dung k',0,'2024-12-26 03:10:39'),(164,2,4,'ok',1,'2024-12-26 03:11:16'),(165,2,4,'d',1,'2024-12-26 03:11:56'),(166,2,4,'d',1,'2024-12-26 03:11:57'),(167,2,4,'ok r',1,'2024-12-26 03:12:01'),(168,2,4,'nhé',1,'2024-12-26 03:12:03'),(169,4,7,'di ngu di',1,'2024-12-26 03:12:09'),(170,1,4,'ngủ chưa',1,'2024-12-26 03:12:46'),(171,1,4,'z',1,'2024-12-26 03:12:46'),(172,4,4,'ok',0,'2024-12-26 03:12:49'),(173,4,4,'nhé',0,'2024-12-26 03:12:50'),(174,4,4,'ngủ đi',0,'2024-12-26 03:12:51'),(175,4,4,'trơi',0,'2024-12-26 03:12:53'),(176,4,4,'ko',0,'2024-12-26 03:13:57'),(177,4,4,'di',0,'2024-12-26 03:14:01'),(178,4,7,'ok',1,'2024-12-26 03:14:08'),(179,4,7,'ppp',1,'2024-12-26 03:14:13'),(180,4,4,'anh nè',0,'2024-12-26 03:14:16'),(181,4,4,'ok nhé',0,'2024-12-26 03:14:30'),(182,4,7,'nói di',1,'2024-12-26 03:14:37'),(183,4,7,'i love u',1,'2024-12-26 03:14:45'),(184,4,7,'sao r',1,'2024-12-26 03:15:55'),(185,4,7,'sao r',1,'2024-12-26 03:15:57'),(186,4,7,'sao r',1,'2024-12-26 03:15:57'),(187,4,7,'sao r',1,'2024-12-26 03:15:57'),(188,4,7,'sao r',1,'2024-12-26 03:15:57'),(189,4,7,'sao r',1,'2024-12-26 03:15:57'),(190,4,7,'di ngu',1,'2024-12-26 03:16:55'),(191,4,7,'di  ba oi',1,'2024-12-26 03:16:57'),(192,4,7,'met k',1,'2024-12-26 03:17:04'),(193,4,4,'ok k',0,'2024-12-26 03:18:03'),(194,4,4,'di ngu di',0,'2024-12-26 03:18:05'),(195,4,4,'dm',0,'2024-12-26 03:18:05'),(196,4,4,'ngu z',0,'2024-12-26 03:18:06'),(197,4,7,'ok nhe',1,'2024-12-26 03:18:16'),(198,4,7,'toingu day',1,'2024-12-26 03:18:19'),(199,4,4,'pp',0,'2024-12-26 03:18:24'),(200,4,4,'kkk',0,'2024-12-26 03:18:25'),(201,4,7,'ok nhé',1,'2024-12-26 03:21:43'),(202,4,4,'ok',0,'2024-12-26 03:22:22'),(203,4,7,'https://vi.wiktionary.org/wiki/ah',1,'2024-12-26 03:25:26'),(204,4,4,'di ngủ đi',0,'2024-12-26 03:26:11'),(205,4,7,'dc nhe',1,'2024-12-26 03:31:49'),(206,4,4,'ok',0,'2024-12-26 03:32:22'),(207,4,4,'khung',0,'2024-12-26 03:32:58'),(208,4,4,'noi j di',0,'2024-12-26 03:34:27'),(209,4,7,'ok',1,'2024-12-26 03:34:31'),(210,4,4,'ok k',0,'2024-12-26 03:34:39'),(211,4,4,'ngủ',0,'2024-12-26 03:34:43'),(212,4,4,'hhehe',0,'2024-12-26 03:34:44'),(213,4,7,'th',1,'2024-12-26 03:39:30'),(214,3,4,'ok',0,'2024-12-26 03:41:19'),(215,5,4,'jz',0,'2024-12-26 16:29:00'),(216,4,7,'muon gi',1,'2024-12-26 16:29:56'),(217,4,7,'muon gi thi noi',1,'2024-12-26 16:30:00'),(218,4,7,'ok',1,'2024-12-26 16:30:20'),(219,4,7,'?',1,'2024-12-26 16:30:21'),(220,4,7,'hello',1,'2024-12-26 16:30:45'),(221,4,4,'alo',0,'2024-12-26 16:30:50'),(222,4,4,'alo',0,'2024-12-26 16:30:51'),(223,4,4,'didnh',0,'2024-12-26 16:30:52'),(224,4,4,'aa',0,'2024-12-26 16:30:52'),(225,4,4,'a',0,'2024-12-26 16:30:53'),(226,4,4,'a',0,'2024-12-26 16:30:53'),(227,4,4,'a',0,'2024-12-26 16:30:53'),(228,4,7,'qhaha',1,'2024-12-26 16:30:56'),(229,4,7,'a',1,'2024-12-26 16:30:57'),(230,4,7,'a',1,'2024-12-26 16:30:57'),(231,4,7,'a',1,'2024-12-26 16:30:57'),(232,4,7,'a',1,'2024-12-26 16:30:57'),(233,4,7,'a',1,'2024-12-26 16:31:04'),(234,4,7,'a',1,'2024-12-26 16:31:04'),(235,4,7,'a',1,'2024-12-26 16:31:04'),(236,4,7,'aalo',1,'2024-12-26 16:31:12'),(237,4,7,'a',1,'2024-12-26 16:31:13'),(238,4,7,'a',1,'2024-12-26 16:31:13'),(239,4,7,'aa',1,'2024-12-26 16:31:17'),(240,4,7,'a',1,'2024-12-26 16:31:18'),(241,4,7,'a',1,'2024-12-26 16:31:18'),(242,4,7,'d',1,'2024-12-26 16:31:18'),(243,4,7,'d',1,'2024-12-26 16:31:18'),(244,4,7,'a',1,'2024-12-26 16:31:19'),(245,4,7,'alo',1,'2024-12-26 16:31:23'),(246,4,7,'ali',1,'2024-12-26 16:31:24'),(247,4,7,'ali',1,'2024-12-26 16:31:25'),(248,4,7,'anh k muin',1,'2024-12-26 16:33:40'),(249,4,7,'muon',1,'2024-12-26 16:33:42'),(250,4,7,'gi',1,'2024-12-26 16:33:43'),(251,4,7,'ta chia tay',1,'2024-12-26 16:33:44'),(252,4,7,'thi noi di',1,'2024-12-26 16:33:46'),(253,4,7,'ba',1,'2024-12-26 16:33:46'),(254,4,7,'mey ha',1,'2024-12-26 16:33:48'),(255,4,4,'ok',0,'2024-12-26 16:34:12'),(256,4,4,'tuy y m',0,'2024-12-26 16:34:14'),(257,4,4,'thoi',0,'2024-12-26 16:34:16'),(258,4,4,'noi di',0,'2024-12-26 16:34:20'),(259,4,4,'?',0,'2024-12-26 16:34:22'),(260,4,4,'sao',0,'2024-12-26 16:34:37'),(261,4,4,'muon g',0,'2024-12-26 16:34:38'),(262,4,4,'ngur di ni',0,'2024-12-26 22:21:07'),(263,4,4,'ok',0,'2024-12-26 22:21:12'),(264,4,4,'o',0,'2024-12-26 22:21:18'),(265,4,4,'cp',0,'2024-12-26 22:21:20'),(266,4,4,'hay k z',0,'2024-12-26 22:21:21'),(267,4,7,'ê',1,'2024-12-27 12:57:22'),(268,4,7,'bro',1,'2024-12-27 12:57:33'),(269,4,7,'s',1,'2024-12-27 12:57:35'),(270,4,7,'s',1,'2024-12-27 12:57:35'),(271,4,7,'ss',1,'2024-12-27 12:57:42'),(272,4,7,'s',1,'2024-12-27 12:57:42'),(273,4,7,'s',1,'2024-12-27 12:57:42'),(274,4,7,'s',1,'2024-12-27 12:57:43'),(275,4,7,'s',1,'2024-12-27 12:57:43'),(276,4,7,'a',1,'2024-12-27 12:57:44'),(277,4,7,'a',1,'2024-12-27 12:57:48'),(278,4,7,'co hay khòng',1,'2024-12-27 12:57:51'),(279,4,7,'vậy',1,'2024-12-27 12:57:52'),(280,4,7,'=))',1,'2024-12-27 12:57:53'),(281,4,7,'khùm',1,'2024-12-27 12:57:55'),(282,4,7,'a',1,'2024-12-27 12:58:01'),(283,4,7,'có kj z',1,'2024-12-27 12:58:03'),(284,4,7,'ok',1,'2024-12-27 12:58:05'),(285,4,7,'=))',1,'2024-12-27 12:58:06'),(286,4,7,'u',1,'2024-12-27 12:59:18'),(287,4,7,'ok',1,'2024-12-27 12:59:20'),(288,4,4,'nói đi ke',0,'2024-12-27 12:59:25'),(289,4,4,'khùng',0,'2024-12-27 12:59:27'),(290,4,4,'ọi',0,'2024-12-27 12:59:32'),(291,4,4,'a',0,'2024-12-27 12:59:33'),(292,4,4,'a',0,'2024-12-27 12:59:33'),(293,4,4,'a',0,'2024-12-27 12:59:34'),(294,4,4,'â',0,'2024-12-27 12:59:37'),(295,4,4,'a',0,'2024-12-27 12:59:37'),(296,4,4,'a',0,'2024-12-27 12:59:38'),(297,4,4,'f',0,'2024-12-27 12:59:38'),(298,4,4,'f',0,'2024-12-27 12:59:38'),(299,4,4,'s',0,'2024-12-27 12:59:39'),(300,4,4,'ao',0,'2024-12-27 12:59:51'),(301,4,4,'bạn khỏe k',0,'2024-12-27 12:59:54'),(302,4,4,'nnois di dtr',0,'2024-12-27 13:00:06'),(303,6,9,'xin chao',1,'2024-12-27 22:43:09'),(304,6,9,'ok',1,'2024-12-27 22:43:14'),(305,6,9,'â',1,'2024-12-27 22:43:36'),(306,6,9,';',1,'2024-12-27 22:43:43'),(307,6,4,'a',0,'2024-12-27 22:43:46'),(308,6,4,'a',0,'2024-12-27 22:43:47'),(309,6,4,'a',0,'2024-12-27 22:43:48'),(310,6,4,'a',0,'2024-12-27 22:43:48'),(311,6,9,'a',1,'2024-12-27 22:44:03'),(312,6,9,'có hay k',1,'2024-12-27 22:44:05'),(313,6,9,'có n',1,'2024-12-27 22:44:09'),(314,6,9,'a',1,'2024-12-27 22:44:10'),(315,6,4,'a',0,'2024-12-27 22:44:13'),(316,6,4,'a',0,'2024-12-27 22:44:13'),(317,6,4,'a',0,'2024-12-27 22:44:13'),(318,6,9,'a',1,'2024-12-27 22:44:18'),(319,6,9,'co s',1,'2024-12-27 22:44:25'),(320,6,9,'s',1,'2024-12-27 22:44:26'),(321,6,9,'a',1,'2024-12-27 22:44:26'),(322,6,9,'a',1,'2024-12-27 22:44:26'),(323,6,4,'a',0,'2024-12-27 22:44:31'),(324,6,4,'sao z',0,'2024-12-27 22:44:32'),(325,6,4,'vấn',0,'2024-12-27 22:44:33'),(326,6,4,'để real tjs',0,'2024-12-27 22:44:37'),(327,6,4,'s',0,'2024-12-27 22:44:37'),(328,6,4,'s',0,'2024-12-27 22:44:38'),(329,6,9,'có h',1,'2024-12-27 22:45:30'),(330,6,9,'ấ',1,'2024-12-27 22:45:32'),(331,6,9,'a',1,'2024-12-27 22:45:41'),(332,6,9,'?',1,'2024-12-27 22:45:42'),(333,6,9,'hi',1,'2024-12-27 23:01:00'),(334,6,9,'nói đi keo',1,'2024-12-27 23:01:03'),(335,6,9,'sao z',1,'2024-12-27 23:01:04'),(336,6,9,'alo',1,'2024-12-27 23:01:06'),(337,6,9,'lỗi',1,'2024-12-27 23:01:07'),(338,6,9,'s',1,'2024-12-27 23:01:08'),(339,6,9,'a',1,'2024-12-27 23:01:09'),(340,6,9,'a',1,'2024-12-27 23:01:09'),(341,6,9,'a',1,'2024-12-27 23:01:09'),(342,6,9,'a',1,'2024-12-27 23:01:10'),(343,4,4,'chào',0,'2024-12-27 23:03:13'),(344,4,4,'bạ',0,'2024-12-27 23:03:16'),(345,4,4,'hello',0,'2024-12-27 23:06:12'),(346,6,9,'ok',1,'2024-12-27 23:52:38'),(347,6,9,'oo',1,'2024-12-27 23:52:41'),(348,4,4,'u',0,'2024-12-27 23:52:47'),(349,6,9,'o',1,'2024-12-27 23:52:53'),(350,6,9,'ô',1,'2024-12-27 23:52:54'),(351,6,9,'ok',1,'2024-12-27 23:52:58'),(352,6,9,'a',1,'2024-12-27 23:56:52'),(353,6,9,'ok',1,'2024-12-27 23:56:53'),(354,6,9,'ok',1,'2024-12-27 23:57:04'),(355,6,9,'ok',1,'2024-12-27 23:58:21'),(356,6,9,'ok',1,'2024-12-28 00:00:30'),(357,6,9,'thấy j k ư',1,'2024-12-28 00:00:33'),(358,6,9,'a',1,'2024-12-28 00:00:43'),(359,6,9,'a',1,'2024-12-28 00:00:43'),(360,6,9,'a',1,'2024-12-28 00:00:44'),(361,6,9,'a',1,'2024-12-28 00:00:44'),(362,6,9,'a',1,'2024-12-28 00:00:44'),(363,6,9,'a',1,'2024-12-28 00:00:44'),(364,6,9,'a',1,'2024-12-28 00:00:44'),(365,6,9,'a',1,'2024-12-28 00:00:45'),(366,6,9,'a',1,'2024-12-28 00:00:45'),(367,6,9,'a',1,'2024-12-28 00:00:45'),(368,6,9,'a',1,'2024-12-28 00:00:45'),(369,6,9,'ok',1,'2024-12-28 00:00:46'),(370,6,9,'nhé',1,'2024-12-28 00:00:47'),(371,6,9,'nói đi',1,'2024-12-28 00:00:53'),(372,6,9,'ok dc',1,'2024-12-28 00:00:55'),(373,6,4,'ok',0,'2024-12-28 00:01:02'),(374,6,4,'ok',0,'2024-12-28 00:01:56'),(375,6,4,'jz',0,'2024-12-28 00:01:58'),(376,4,4,'ok',0,'2024-12-28 00:02:03'),(377,4,4,'hello',0,'2024-12-28 00:02:59'),(378,6,9,'ê',1,'2024-12-28 00:03:04'),(379,4,4,'ok',0,'2024-12-28 00:06:08'),(380,4,4,'d',0,'2024-12-28 00:06:11'),(381,4,4,'ds',0,'2024-12-28 00:06:13'),(382,4,4,'s',0,'2024-12-28 00:06:13'),(383,4,4,'s',0,'2024-12-28 00:06:13'),(384,4,4,'ok',0,'2024-12-28 00:06:17'),(385,4,4,'?',0,'2024-12-28 00:06:19'),(386,6,4,'u',0,'2024-12-28 00:06:24'),(387,6,9,'hello',1,'2024-12-28 00:27:25'),(388,6,9,'ổn kj',1,'2024-12-28 00:27:28'),(389,6,9,'khá ok e',1,'2024-12-28 00:27:33'),(390,6,9,'nêu sm k xuất hiện',1,'2024-12-28 00:27:37'),(391,6,4,'chào anh nhé',0,'2024-12-28 00:27:43'),(392,6,4,'ok',0,'2024-12-28 00:27:44'),(393,6,4,'s',0,'2024-12-28 00:27:45'),(394,6,4,'s',0,'2024-12-28 00:27:46'),(395,6,4,'s',0,'2024-12-28 00:27:46'),(396,6,4,'s',0,'2024-12-28 00:27:46'),(397,6,4,'s',0,'2024-12-28 00:27:46'),(398,6,4,'s',0,'2024-12-28 00:27:47'),(399,6,4,'yu',0,'2024-12-28 00:27:50'),(400,6,4,'có',0,'2024-12-28 00:27:51'),(401,6,4,'s',0,'2024-12-28 00:27:56'),(402,6,4,'s',0,'2024-12-28 00:27:57'),(403,6,4,'s',0,'2024-12-28 00:27:57'),(404,6,4,'s',0,'2024-12-28 00:27:57'),(405,4,7,'alo',1,'2024-12-28 06:19:53'),(406,7,10,'?',1,'2024-12-28 08:57:03'),(407,7,10,'ban noi jz',1,'2024-12-28 08:57:26'),(408,7,4,'alo',0,'2024-12-28 08:57:37'),(409,7,4,'oi',0,'2024-12-28 08:57:38'),(410,7,10,'ok',1,'2024-12-28 08:57:44'),(411,7,10,'hiue ch',1,'2024-12-28 08:57:46'),(412,7,10,'xinchaof',1,'2024-12-28 08:58:45'),(413,7,10,'noi di',1,'2024-12-28 08:58:51'),(414,7,10,'lam sao',1,'2024-12-28 08:58:53'),(415,7,10,'on ?',1,'2024-12-28 08:58:58'),(416,4,4,'hieu k',0,'2024-12-28 08:59:33'),(417,7,10,'ok',1,'2024-12-28 08:59:44'),(418,7,10,'ehhe',1,'2024-12-28 09:00:01'),(419,7,4,'ok',0,'2024-12-28 09:00:05'),(420,7,4,'nhung na',0,'2024-12-28 09:00:07'),(421,7,10,'U',1,'2024-12-28 09:04:27'),(422,7,10,'THAY CH',1,'2024-12-28 09:04:29'),(423,7,10,'met',1,'2024-12-28 09:04:31'),(424,7,4,'di ngu o',0,'2024-12-28 09:04:34'),(425,7,4,'ok',0,'2024-12-28 09:04:39'),(426,7,4,'ok',0,'2024-12-28 09:04:47'),(427,7,10,'khung',1,'2024-12-28 09:04:51'),(428,7,10,'ok',1,'2024-12-28 09:04:56'),(429,7,10,'a',1,'2024-12-28 09:05:01'),(430,7,10,'a',1,'2024-12-28 09:05:01'),(431,7,10,'a',1,'2024-12-28 09:05:01'),(432,7,10,'a',1,'2024-12-28 09:05:02'),(433,7,4,'ok',0,'2024-12-28 09:05:07'),(434,7,4,'g',0,'2024-12-28 09:05:11'),(435,7,10,'tahays k',1,'2024-12-28 09:05:18'),(436,7,10,'ok',1,'2024-12-28 09:05:25'),(437,7,10,'nhé',1,'2024-12-28 09:05:28'),(438,7,4,'u',0,'2024-12-28 09:05:54'),(439,7,4,'ok',0,'2024-12-28 09:06:00'),(440,7,10,'s',1,'2024-12-28 09:06:06'),(441,7,10,'ok',1,'2024-12-28 09:07:19'),(442,7,10,'â',1,'2024-12-28 09:07:23'),(443,7,10,'a',1,'2024-12-28 09:07:23'),(444,7,4,'ok',0,'2024-12-28 09:07:27'),(445,7,10,'ok',1,'2024-12-28 09:07:32'),(446,7,10,'ok',1,'2024-12-28 09:08:57'),(447,7,10,'a',1,'2024-12-28 09:09:00'),(448,7,10,'a',1,'2024-12-28 09:09:00'),(449,7,10,'ok',1,'2024-12-28 09:09:05'),(450,7,10,'xin chào',1,'2024-12-28 09:12:04'),(451,7,10,'bạn',1,'2024-12-28 09:12:08'),(452,7,10,'ci the',1,'2024-12-28 09:12:09'),(453,7,10,'hoi t',1,'2024-12-28 09:12:12'),(454,7,10,'nay dc k',1,'2024-12-28 09:12:14'),(455,7,4,'ok',0,'2024-12-28 09:12:17'),(456,7,4,'i can',0,'2024-12-28 09:12:19'),(457,7,10,'ok',1,'2024-12-28 09:12:23'),(458,7,10,'ok',1,'2024-12-28 09:12:29'),(459,7,10,'s',1,'2024-12-28 09:12:30'),(460,7,10,'s',1,'2024-12-28 09:12:30'),(461,7,10,'s',1,'2024-12-28 09:12:30'),(462,7,10,'s',1,'2024-12-28 09:12:30'),(463,7,10,'ok',1,'2024-12-28 09:12:42'),(464,7,10,'k',1,'2024-12-28 09:14:17'),(465,7,10,'ok',1,'2024-12-28 09:14:20'),(466,7,10,'á',1,'2024-12-28 09:15:32'),(467,7,10,'a',1,'2024-12-28 09:15:32'),(468,7,10,'a',1,'2024-12-28 09:15:32'),(469,7,10,'a',1,'2024-12-28 09:15:33'),(470,7,10,'â',1,'2024-12-28 09:15:33'),(471,7,10,'d',1,'2024-12-28 09:15:33'),(472,7,10,'d',1,'2024-12-28 09:15:33'),(473,7,10,'da',1,'2024-12-28 09:15:38'),(474,7,10,'a',1,'2024-12-28 09:15:38'),(475,7,10,'a',1,'2024-12-28 09:15:39'),(476,7,10,'a',1,'2024-12-28 09:15:39'),(477,7,10,'a',1,'2024-12-28 09:15:39'),(478,7,4,'ok',0,'2024-12-28 09:15:42'),(479,7,10,'a',1,'2024-12-28 09:16:53'),(480,7,10,'ok',1,'2024-12-28 09:16:54'),(481,7,10,'a',1,'2024-12-28 09:16:55'),(482,7,10,'a',1,'2024-12-28 09:16:55'),(483,7,10,'a',1,'2024-12-28 09:16:55'),(484,7,10,'a',1,'2024-12-28 09:16:55'),(485,7,10,'a',1,'2024-12-28 09:16:55'),(486,7,4,'cin chà',0,'2024-12-28 09:17:14'),(487,7,4,'a',0,'2024-12-28 09:17:15'),(488,7,4,'a',0,'2024-12-28 09:17:15'),(489,7,4,'a',0,'2024-12-28 09:17:15'),(490,7,10,'ok',1,'2024-12-28 09:19:31'),(491,7,10,'a',1,'2024-12-28 09:19:32'),(492,7,10,'â',1,'2024-12-28 09:19:32'),(493,7,10,'sa',1,'2024-12-28 09:19:37'),(494,7,10,'a',1,'2024-12-28 09:19:37'),(495,7,10,'a',1,'2024-12-28 09:19:37'),(496,7,10,'a',1,'2024-12-28 09:19:47'),(497,7,10,'a',1,'2024-12-28 09:19:47'),(498,7,10,'a',1,'2024-12-28 09:19:47'),(499,7,10,'d',1,'2024-12-28 09:19:49'),(500,7,10,'d',1,'2024-12-28 09:19:49'),(501,7,10,'d',1,'2024-12-28 09:19:52'),(502,7,10,'di ngu',1,'2024-12-28 09:19:54'),(503,7,10,'di',1,'2024-12-28 09:19:55'),(504,7,10,'anh bạn',1,'2024-12-28 09:19:56'),(505,7,4,'co hay k',0,'2024-12-28 09:20:03'),(506,7,10,'ok',1,'2024-12-28 09:22:12'),(507,7,10,'ngurch',1,'2024-12-28 09:22:15'),(508,7,10,'wtf',1,'2024-12-28 09:22:16'),(509,7,10,'ok',1,'2024-12-28 09:22:24'),(510,7,10,'nhé',1,'2024-12-28 09:22:26'),(511,7,4,'dc',0,'2024-12-28 09:22:29'),(512,7,4,'ko',0,'2024-12-28 09:22:36'),(513,7,10,'khum',1,'2024-12-28 09:22:55'),(514,7,10,'o',1,'2024-12-28 09:23:03'),(515,7,10,'ngao',1,'2024-12-28 09:23:05'),(516,7,10,'a',1,'2024-12-28 09:23:06'),(517,7,4,'có',0,'2024-12-28 09:23:11'),(518,7,4,'k tin',0,'2024-12-28 09:23:15'),(519,7,10,'gin  k',1,'2024-12-28 09:23:19'),(520,7,10,'ok',1,'2024-12-28 09:25:23'),(521,7,10,'a',1,'2024-12-28 09:25:24'),(522,7,10,'a',1,'2024-12-28 09:25:24'),(523,7,10,'a',1,'2024-12-28 09:25:25'),(524,7,4,'kp',0,'2024-12-28 09:25:32'),(525,7,10,'s',1,'2024-12-28 09:25:38'),(526,7,10,'a',1,'2024-12-28 09:25:38'),(527,7,10,'a',1,'2024-12-28 09:25:38'),(528,7,10,'a',1,'2024-12-28 09:25:39'),(529,7,10,'a',1,'2024-12-28 09:25:39'),(530,7,10,'a',1,'2024-12-28 09:25:39'),(531,7,10,'a',1,'2024-12-28 09:25:39'),(532,4,4,'ok',0,'2024-12-28 09:25:41'),(533,7,4,'ok',0,'2024-12-28 09:25:46'),(534,7,4,'có',0,'2024-12-28 09:25:48'),(535,7,4,'s',0,'2024-12-28 09:25:51'),(536,7,10,'a',1,'2024-12-28 09:27:15'),(537,7,10,'a',1,'2024-12-28 09:27:15'),(538,7,10,'a',1,'2024-12-28 09:27:16'),(539,7,10,'a',1,'2024-12-28 09:27:16'),(540,7,10,'d',1,'2024-12-28 09:27:16'),(541,7,10,'d',1,'2024-12-28 09:27:17'),(542,7,10,'d',1,'2024-12-28 09:27:17'),(543,7,10,'u',1,'2024-12-28 09:27:25'),(544,7,10,'dì',1,'2024-12-28 09:27:29'),(545,7,10,'dk',1,'2024-12-28 09:27:30'),(546,7,10,'z',1,'2024-12-28 09:27:31'),(547,7,10,'z',1,'2024-12-28 09:27:32'),(548,7,10,'zz',1,'2024-12-28 09:27:32'),(549,7,10,'z',1,'2024-12-28 09:27:33'),(550,7,10,'z',1,'2024-12-28 09:27:33'),(551,7,10,'z',1,'2024-12-28 09:27:33'),(552,7,10,'z',1,'2024-12-28 09:27:33'),(553,7,10,'z',1,'2024-12-28 09:27:33'),(554,7,10,'ssssss',1,'2024-12-28 09:27:41'),(555,7,10,'s',1,'2024-12-28 09:27:42'),(556,7,10,'s',1,'2024-12-28 09:27:42'),(557,7,10,'s',1,'2024-12-28 09:27:42'),(558,7,10,'a',1,'2024-12-28 09:27:43'),(559,7,10,'a',1,'2024-12-28 09:27:43'),(560,7,4,'ok',0,'2024-12-28 09:27:47'),(561,7,10,'mẹ',1,'2024-12-28 09:29:13'),(562,7,10,'ngủ à',1,'2024-12-28 09:29:15'),(563,7,4,'ok',0,'2024-12-28 09:29:46'),(564,7,10,'di gu',1,'2024-12-28 09:29:57'),(565,7,10,'a',1,'2024-12-28 09:29:57'),(566,7,10,'l',1,'2024-12-28 09:32:05'),(567,7,4,'ko',0,'2024-12-28 09:32:09'),(568,7,10,'s',1,'2024-12-28 09:32:13'),(569,7,4,'ok',0,'2024-12-28 09:32:17'),(570,7,10,'u',1,'2024-12-28 09:35:26'),(571,7,10,'as',1,'2024-12-28 09:35:30'),(572,7,10,'f',1,'2024-12-28 09:35:34'),(573,7,10,'f',1,'2024-12-28 09:35:36'),(574,7,4,'ok',0,'2024-12-28 09:39:19'),(575,7,4,'nhé',0,'2024-12-28 09:39:21'),(576,7,10,'u',1,'2024-12-28 09:39:26'),(577,7,10,'s',1,'2024-12-28 09:39:28'),(578,7,10,'s',1,'2024-12-28 09:39:28'),(579,7,10,'s',1,'2024-12-28 09:39:29'),(580,7,10,'s',1,'2024-12-28 09:39:29'),(581,7,10,'s',1,'2024-12-28 09:39:29'),(582,7,10,'mẹ',1,'2024-12-28 09:42:18'),(583,7,10,'ngủ',1,'2024-12-28 09:42:19'),(584,7,10,'ok',1,'2024-12-28 09:42:21'),(585,7,10,'ỏ',1,'2024-12-28 09:44:14'),(586,7,10,'ok',1,'2024-12-28 09:44:15'),(587,7,10,'nnnn]nn',1,'2024-12-28 09:44:18'),(588,7,4,'ok',0,'2024-12-28 09:44:21'),(589,7,4,'u',0,'2024-12-28 09:44:24'),(590,7,4,'ok',0,'2024-12-28 09:44:32'),(591,7,10,'ok',1,'2024-12-28 09:44:41'),(592,7,10,'ok',1,'2024-12-28 09:44:48'),(593,7,10,'lỗi',1,'2024-12-28 09:44:50'),(594,7,10,'r',1,'2024-12-28 09:44:51'),(595,7,10,'ok',1,'2024-12-28 09:45:23'),(596,7,4,'ok',0,'2024-12-28 09:45:25'),(597,7,4,'ok',0,'2024-12-28 09:45:30'),(598,7,4,'di k',0,'2024-12-28 09:45:34'),(599,7,10,'đi',1,'2024-12-28 09:45:37'),(600,7,10,'ok',1,'2024-12-28 09:47:44'),(601,7,10,'pro',1,'2024-12-28 09:47:45'),(602,7,10,'nói đi',1,'2024-12-28 09:47:47'),(603,7,10,'nói j',1,'2024-12-28 09:47:52'),(604,7,4,'ok',0,'2024-12-28 09:47:54'),(605,7,4,'ok',0,'2024-12-28 09:47:58'),(606,7,4,'đien',0,'2024-12-28 09:48:01'),(607,7,4,'ok',0,'2024-12-28 09:48:05'),(608,7,10,'k',1,'2024-12-28 09:48:26'),(609,7,4,'okk',0,'2024-12-28 09:49:46'),(610,7,4,'muo',0,'2024-12-28 09:49:54'),(611,7,10,'ok',1,'2024-12-28 09:51:34'),(612,7,10,'â',1,'2024-12-28 09:51:35'),(613,7,10,'â',1,'2024-12-28 09:51:36'),(614,7,4,'s',0,'2024-12-28 09:51:38'),(615,7,4,'u',0,'2024-12-28 09:51:45'),(616,7,4,'s',0,'2024-12-28 09:51:48'),(617,7,4,'ok',0,'2024-12-28 09:52:41'),(618,7,10,'ok',1,'2024-12-28 09:52:45'),(619,7,10,'ok',1,'2024-12-28 09:52:47'),(620,7,4,'ok',0,'2024-12-28 09:53:15'),(621,7,4,'nhé',0,'2024-12-28 09:53:16'),(622,7,4,'t đi ngủ',0,'2024-12-28 09:53:19'),(623,7,10,'ok',1,'2024-12-28 09:53:22'),(624,7,10,'a',1,'2024-12-28 09:53:28'),(625,7,10,'a',1,'2024-12-28 09:53:28'),(626,7,10,'y',1,'2024-12-28 09:53:31'),(627,7,4,'ok',0,'2024-12-28 09:53:33'),(628,7,4,'uk',0,'2024-12-28 09:53:39'),(629,7,4,'ko',0,'2024-12-28 09:53:51'),(630,7,4,'pp',0,'2024-12-28 09:53:52'),(631,7,4,'hehe',0,'2024-12-28 09:53:53'),(632,7,10,'â',1,'2024-12-28 09:53:55'),(633,7,10,'a',1,'2024-12-28 09:53:55'),(634,7,4,'té',0,'2024-12-28 09:56:01'),(635,7,4,'test',0,'2024-12-28 09:56:02'),(636,7,4,'a',0,'2024-12-28 09:56:03'),(637,7,4,'a',0,'2024-12-28 09:56:03'),(638,7,10,'a',1,'2024-12-28 09:56:05'),(639,7,10,'â',1,'2024-12-28 09:56:06'),(640,7,10,'alo',1,'2024-12-29 01:56:48'),(641,7,10,'a',1,'2024-12-29 01:56:48'),(642,7,10,'a',1,'2024-12-29 01:56:49'),(643,7,10,'a',1,'2024-12-29 01:56:49'),(644,7,10,'a',1,'2024-12-29 01:56:50'),(645,7,10,'s',1,'2024-12-29 01:56:52'),(646,7,10,'s',1,'2024-12-29 01:56:52'),(647,7,4,'s',0,'2024-12-29 01:56:55'),(648,7,4,'s',0,'2024-12-29 01:56:55'),(649,7,4,'s',0,'2024-12-29 01:56:55'),(650,7,10,'a',1,'2024-12-29 01:58:20'),(651,7,10,'a',1,'2024-12-29 01:58:20'),(652,7,10,'hi',1,'2024-12-29 02:20:45'),(653,7,10,'alol',1,'2024-12-29 02:21:11'),(654,7,10,'a',1,'2024-12-29 02:21:11'),(655,7,10,'a',1,'2024-12-29 02:21:11'),(656,7,10,'a',1,'2024-12-29 02:21:12'),(657,7,10,'alo',1,'2024-12-29 02:23:02'),(658,7,4,'alo',0,'2024-12-29 02:23:35'),(659,7,4,'s',0,'2024-12-29 02:23:37'),(660,1,12,'ok',1,'2024-12-29 02:24:35'),(661,1,12,'kk',1,'2024-12-29 02:24:37'),(662,1,12,'kk',1,'2024-12-29 02:24:38'),(663,1,12,'k',1,'2024-12-29 02:24:38'),(664,1,4,'ok',1,'2024-12-29 02:28:15'),(665,1,4,'kkk',1,'2024-12-29 02:28:19'),(666,7,10,'ok',1,'2024-12-29 02:28:40'),(667,7,10,'oka',1,'2024-12-29 02:28:41'),(668,7,10,'a',1,'2024-12-29 02:28:42'),(669,7,10,'a',1,'2024-12-29 02:28:42'),(670,4,7,'ok',1,'2024-12-29 03:04:00'),(671,4,7,'ok',1,'2024-12-29 03:29:12'),(672,4,7,'a',1,'2024-12-29 03:29:13'),(673,4,4,'a',0,'2024-12-29 03:29:15'),(674,4,7,'a',1,'2024-12-29 03:29:17');
/*!40000 ALTER TABLE `messages` ENABLE KEYS */;
UNLOCK TABLES;

--
-- Table structure for table `order_detail`
--

DROP TABLE IF EXISTS `order_detail`;
/*!40101 SET @saved_cs_client     = @@character_set_client */;
/*!50503 SET character_set_client = utf8mb4 */;
CREATE TABLE `order_detail` (
  `id` int NOT NULL AUTO_INCREMENT,
  `order_id` int NOT NULL,
  `product_id` int NOT NULL,
  `quantity` int NOT NULL,
  `price` decimal(10,2) DEFAULT NULL,
  `created_at` datetime DEFAULT CURRENT_TIMESTAMP,
  PRIMARY KEY (`id`),
  KEY `product_id` (`product_id`),
  KEY `order_id` (`order_id`),
  CONSTRAINT `order_detail_ibfk_1` FOREIGN KEY (`product_id`) REFERENCES `product` (`id`),
  CONSTRAINT `order_detail_ibfk_2` FOREIGN KEY (`order_id`) REFERENCES `orders` (`id`)
) ENGINE=InnoDB AUTO_INCREMENT=23 DEFAULT CHARSET=utf8mb4 COLLATE=utf8mb4_0900_ai_ci;
/*!40101 SET character_set_client = @saved_cs_client */;

--
-- Dumping data for table `order_detail`
--

LOCK TABLES `order_detail` WRITE;
/*!40000 ALTER TABLE `order_detail` DISABLE KEYS */;
/*!40000 ALTER TABLE `order_detail` ENABLE KEYS */;
UNLOCK TABLES;

--
-- Table structure for table `orders`
--

DROP TABLE IF EXISTS `orders`;
/*!40101 SET @saved_cs_client     = @@character_set_client */;
/*!50503 SET character_set_client = utf8mb4 */;
CREATE TABLE `orders` (
  `id` int NOT NULL AUTO_INCREMENT,
  `user_id` int NOT NULL,
  `total_money` decimal(12,2) NOT NULL,
  `order_date` datetime DEFAULT CURRENT_TIMESTAMP,
  `status` varchar(50) NOT NULL,
  `payment_method` tinyint DEFAULT NULL,
  `payment_status` tinyint DEFAULT NULL,
  `description` varchar(255) DEFAULT NULL,
  `created_at` datetime DEFAULT CURRENT_TIMESTAMP,
  PRIMARY KEY (`id`),
  KEY `user_id` (`user_id`),
  CONSTRAINT `orders_ibfk_1` FOREIGN KEY (`user_id`) REFERENCES `user` (`id`)
) ENGINE=InnoDB AUTO_INCREMENT=61 DEFAULT CHARSET=utf8mb4 COLLATE=utf8mb4_0900_ai_ci;
/*!40101 SET character_set_client = @saved_cs_client */;

--
-- Dumping data for table `orders`
--

LOCK TABLES `orders` WRITE;
/*!40000 ALTER TABLE `orders` DISABLE KEYS */;
/*!40000 ALTER TABLE `orders` ENABLE KEYS */;
UNLOCK TABLES;

--
-- Table structure for table `product`
--

DROP TABLE IF EXISTS `product`;
/*!40101 SET @saved_cs_client     = @@character_set_client */;
/*!50503 SET character_set_client = utf8mb4 */;
CREATE TABLE `product` (
  `id` int NOT NULL AUTO_INCREMENT,
  `image_url` text,
  `product_name` varchar(100) DEFAULT NULL,
  `price` decimal(10,2) DEFAULT NULL,
  `category_id` int DEFAULT NULL,
  `description` text,
  `created_at` datetime DEFAULT CURRENT_TIMESTAMP,
  PRIMARY KEY (`id`),
  KEY `category_id` (`category_id`),
  CONSTRAINT `product_ibfk_1` FOREIGN KEY (`category_id`) REFERENCES `category` (`id`)
) ENGINE=InnoDB AUTO_INCREMENT=2 DEFAULT CHARSET=utf8mb4 COLLATE=utf8mb4_0900_ai_ci;
/*!40101 SET character_set_client = @saved_cs_client */;

--
-- Dumping data for table `product`
--

LOCK TABLES `product` WRITE;
/*!40000 ALTER TABLE `product` DISABLE KEYS */;
INSERT INTO `product` VALUES (1,'https://firebasestorage.googleapis.com/v0/b/myprojectimg-164dd.appspot.com/o/1517626592-966-moi-lan-ve-nha-van-thanh-chi-muon-duoc-bo-me-nau-cho-mon-an-cuc-don-gian-nay-0-1517623610-width498height384%20(1).jpg?alt=media&token=1aaa2b0b-d677-48a6-a0b0-b49b31d70a00','Mì gói ',20000.00,5,'mì 1 trứng ','2024-12-25 19:13:52');
/*!40000 ALTER TABLE `product` ENABLE KEYS */;
UNLOCK TABLES;

--
-- Table structure for table `room`
--

DROP TABLE IF EXISTS `room`;
/*!40101 SET @saved_cs_client     = @@character_set_client */;
/*!50503 SET character_set_client = utf8mb4 */;
CREATE TABLE `room` (
  `id` int NOT NULL AUTO_INCREMENT,
  `room_name` varchar(50) DEFAULT NULL,
  `status` varchar(50) DEFAULT NULL,
  `position` varchar(100) DEFAULT NULL,
  `image_url` text,
  `capacity` int DEFAULT NULL,
  `price` int DEFAULT NULL,
  `description` text,
  PRIMARY KEY (`id`)
) ENGINE=InnoDB AUTO_INCREMENT=11 DEFAULT CHARSET=utf8mb4 COLLATE=utf8mb4_0900_ai_ci;
/*!40101 SET character_set_client = @saved_cs_client */;

--
-- Dumping data for table `room`
--

LOCK TABLES `room` WRITE;
/*!40000 ALTER TABLE `room` DISABLE KEYS */;
INSERT INTO `room` VALUES (1,'Phòng thường 1','ACTIVE','Tầng 1','https://hoangtuan.vn/media/news/148_quy_trinh_bao_tri_phong_net.jpg',20,10000,'Phòng máy thường với cấu hình ổn định, phù hợp cho học sinh, sinh viên'),(2,'Phòng thường 2','ACTIVE','Tầng 1','https://minhancomputercdn.com/media/product/74_domo2.png',20,10000,'Phòng máy thường với cấu hình ổn định, phù hợp cho học sinh, sinh viên'),(3,'Phòng thường 3','ACTIVE','Tầng 1','https://cyberxanh.com/wp-content/uploads/2022/11/thiet-ke-phong-game-hoan-chinh-1024x762.jpg',20,10000,'Phòng máy thường với cấu hình ổn định, phù hợp cho học sinh, sinh viên'),(4,'Phòng VIP 1','ACTIVE','Tầng 2','https://phongnet.com/wp-content/uploads/2016/01/thiet-ke-phong-net-vip-1.jpg',10,20000,'Phòng máy VIP với cấu hình cao, ghế gaming, máy lạnh'),(5,'Phòng VIP 2','ACTIVE','Tầng 2','https://diachiamthuc.vn/wp-content/uploads/2021/09/Quan-Net-phong-VIP.jpg',10,20000,'Phòng máy VIP với cấu hình cao, ghế gaming, máy lạnh'),(6,'Phòng Stream 1','ACTIVE','Tầng 2','https://lapdatphonggame24h.vn/img/image/Tin-tuc/762/khong-gian-song-ben-trong-phong-net-vip-co-nhung-tien-ich-nao-4.jpg',5,30000,'Phòng Stream với setup micro, webcam, ánh sáng chuyên nghiệp'),(7,'Phòng Stream 2','ACTIVE','Tầng 2','https://cyberxanh.com/wp-content/uploads/2022/11/thiet-ke-phong-game-cao-cap.jpg',5,30000,'Phòng Stream với setup micro, webcam, ánh sáng chuyên nghiệp'),(8,'Phòng Couple 1','INACTIVE','Tầng 3','https://img-cdn.2game.vn/pictures/xemgame/2016/10/20/tiem-net-9.jpg',2,40000,'Phòng đôi riêng tư, thích hợp cho cặp đôi'),(9,'Phòng Couple 2','ACTIVE','Tầng 3','https://phuongthanhcomputer.com/wp-content/uploads/2023/04/phong-couple-2-edited.jpg',2,40000,'Phòng đôi riêng tư, thích hợp cho cặp đôi'),(10,'Phòng Tournament','ACTIVE','Tầng 3','https://cdn-web.onlive.vn/onlive/image-news/thiet-ke-quan-game-cyber-gia-re-quan-3.png',15,50000,'Phòng thi đấu với setup chuyên nghiệp, thích hợp cho giải đấu nhỏ');
/*!40000 ALTER TABLE `room` ENABLE KEYS */;
UNLOCK TABLES;

--
-- Table structure for table `room_order_detail`
--

DROP TABLE IF EXISTS `room_order_detail`;
/*!40101 SET @saved_cs_client     = @@character_set_client */;
/*!50503 SET character_set_client = utf8mb4 */;
CREATE TABLE `room_order_detail` (
  `id` int NOT NULL AUTO_INCREMENT,
  `order_id` int DEFAULT NULL,
  `room_id` int DEFAULT NULL,
  `start_time` datetime NOT NULL,
  `end_time` datetime DEFAULT NULL,
  `total_time` int DEFAULT NULL,
  `total_price` decimal(10,2) NOT NULL,
  `created_at` datetime DEFAULT CURRENT_TIMESTAMP,
  PRIMARY KEY (`id`),
  KEY `order_id` (`order_id`),
  KEY `room_id` (`room_id`),
  CONSTRAINT `room_order_detail_ibfk_1` FOREIGN KEY (`order_id`) REFERENCES `orders` (`id`),
  CONSTRAINT `room_order_detail_ibfk_2` FOREIGN KEY (`room_id`) REFERENCES `room` (`id`)
) ENGINE=InnoDB AUTO_INCREMENT=50 DEFAULT CHARSET=utf8mb4 COLLATE=utf8mb4_0900_ai_ci;
/*!40101 SET character_set_client = @saved_cs_client */;

--
-- Dumping data for table `room_order_detail`
--

LOCK TABLES `room_order_detail` WRITE;
/*!40000 ALTER TABLE `room_order_detail` DISABLE KEYS */;
/*!40000 ALTER TABLE `room_order_detail` ENABLE KEYS */;
UNLOCK TABLES;

--
-- Table structure for table `user`
--

DROP TABLE IF EXISTS `user`;
/*!40101 SET @saved_cs_client     = @@character_set_client */;
/*!50503 SET character_set_client = utf8mb4 */;
CREATE TABLE `user` (
  `id` int NOT NULL AUTO_INCREMENT,
  `username` varchar(50) DEFAULT NULL,
  `password` varchar(255) DEFAULT NULL,
  `phone` varchar(255) DEFAULT NULL,
  `email` varchar(100) DEFAULT NULL,
  `user_type` tinyint DEFAULT NULL,
  `is_vip` tinyint DEFAULT '0',
  `vip_start_date` date DEFAULT NULL,
  `vip_end_date` date DEFAULT NULL,
  `created_at` datetime DEFAULT CURRENT_TIMESTAMP,
  PRIMARY KEY (`id`)
) ENGINE=InnoDB AUTO_INCREMENT=13 DEFAULT CHARSET=utf8mb4 COLLATE=utf8mb4_0900_ai_ci;
/*!40101 SET character_set_client = @saved_cs_client */;

--
-- Dumping data for table `user`
--

LOCK TABLES `user` WRITE;
/*!40000 ALTER TABLE `user` DISABLE KEYS */;
INSERT INTO `user` VALUES (1,'vthuandev','$2b$10$QNAnaNyonSM0Hr9cNKZHJenx5bwL1A1RHeLhnXh6/j1Pr2WFuwUim',NULL,'vthuan.dev@gmail.com',2,1,NULL,NULL,'2024-12-24 18:32:56'),(2,'vthuann','$2b$10$XzN75fkZPrmGCr3rz4c3B.yTkIfQa5mpXiYydDkNIhBtOeg72.HrS',NULL,'thuanhero1@gmail.com',2,1,NULL,NULL,'2024-12-24 19:00:19'),(4,'admin','$2a$10$2t2kYlhKyo0aQwqIXiArm.GGORlInspLecReTkPWygIWK7qUNtWxu',NULL,NULL,1,0,NULL,NULL,'2024-12-25 11:30:53'),(5,'vthuann','$2b$10$cruHNeVY.0f2r.o330MU.e3bjzXh8qpQFgsQpGq5Rf3uNQCL/K5/C',NULL,'thuanhero1@gmail.com',2,1,NULL,NULL,'2024-12-25 21:04:10'),(6,'dev','$2b$10$nslV1HiLnel4XvYIlfgnAeGgFgo5UaTONA8K6Q6UQ7t7qB1XhSxp2',NULL,'devyeuem@gmail.com',2,1,NULL,NULL,'2024-12-25 21:05:36'),(7,'khanhngu','$2b$10$FRSRK.iY91A9aGdwVKLkNO8PO9s1r0wsYvkGca/1wJUfRI/bAIoJW',NULL,'fkhanhngu@gmail.com',2,1,NULL,NULL,'2024-12-25 21:07:26'),(8,'quocbao','$2b$10$FF7i0FWO.7hUWx8EM1ki1ucW/qivKg/VJx4QnFrnsV8kQRx6cy9W.',NULL,'quocbao@gmail.com',2,1,NULL,NULL,'2024-12-25 21:10:01'),(9,'test1','$2b$10$VmjnvXhgaJrD3j3FwSqt9OmtWXolz6LUtNN4rfw8VjUoOPXAxiiC2',NULL,'vthuann@gmail.com',2,1,NULL,NULL,'2024-12-27 22:42:27'),(10,'thuanvip','$2b$10$B3vM1lC5mSF9jR.odH3qh.SID4yKGRdutRpUYRrjwrBCc9IbAMRqG',NULL,'thuanb2112012@student.ctu.edu.vn',2,1,NULL,NULL,'2024-12-28 08:09:24'),(11,'admin','$2a$12$OThtxnfj.YZ30iar/hJB2Orz5jBdB8eJKCI1cMfc1MXaZRIIbcBDO',NULL,NULL,1,0,NULL,NULL,'2024-12-29 02:19:21'),(12,'abc','$2a$12$OThtxnfj.YZ30iar/hJB2Orz5jBdB8eJKCI1cMfc1MXaZRIIbcBDO',NULL,NULL,1,0,NULL,NULL,'2024-12-29 02:20:15');
/*!40000 ALTER TABLE `user` ENABLE KEYS */;
UNLOCK TABLES;
/*!40103 SET TIME_ZONE=@OLD_TIME_ZONE */;

/*!40101 SET SQL_MODE=@OLD_SQL_MODE */;
/*!40014 SET FOREIGN_KEY_CHECKS=@OLD_FOREIGN_KEY_CHECKS */;
/*!40014 SET UNIQUE_CHECKS=@OLD_UNIQUE_CHECKS */;
/*!40101 SET CHARACTER_SET_CLIENT=@OLD_CHARACTER_SET_CLIENT */;
/*!40101 SET CHARACTER_SET_RESULTS=@OLD_CHARACTER_SET_RESULTS */;
/*!40101 SET COLLATION_CONNECTION=@OLD_COLLATION_CONNECTION */;
/*!40111 SET SQL_NOTES=@OLD_SQL_NOTES */;

-- Dump completed on 2024-12-29 10:34:55
